"College of Agriculture & Life Sciences","","","","","","","","",""
"Major","Degree","Num. Salaries Reported","Avg","Max","Min","St. Dev.","25th P.","Median","75th P."
"Ag Communications & Journalism","Bachelor","8","$36,250.00","$45,000.00","$23,000.00","+/- 7206","$33,000.00","$38,500.00","$42,000.00"
"Ag Leadership & Development","Bachelor","27","$55,864.00","$300,000.00","$24,000.00","+/- 49977","$41,500.00","$48,000.00","$52,750.00"
"Agribusiness","Bachelor","13","$51,192.00","$70,000.00","$40,000.00","+/- 8845","$47,375.00","$50,000.00","$56,000.00"
"Agricultural Economics","Bachelor","34","$49,176.00","$80,000.00","$22,000.00","+/- 12300","$41,500.00","$48,000.00","$56,350.00"
"Agricultural Science","Bachelor","3","$56,000.00","$61,000.00","$50,000.00","+/- 5568","$55,250.00","$57,000.00","$61,000.00"
"Agricultural Systems Mgmt","Bachelor","14","$48,841.00","$66,000.00","$36,000.00","+/- 8349","$44,000.00","$48,750.00","$54,500.00"
"Agronomy","Doctorate","2","$64,000.00","$78,000.00","$50,000.00","+/- 19799","$64,000.00","$64,000.00","$78,000.00"
"Animal Science","Bachelor","6","$45,379.00","$60,000.00","$35,000.00","+/- 10045","$38,000.00","$45,500.00","$55,638.00"
"Animal Science","Master","2","$52,500.00","$55,000.00","$50,000.00","+/- 3536","$52,500.00","$52,500.00","$55,000.00"
"Biochemistry","Bachelor","1","$40,000.00","$40,000.00","$40,000.00","+/- 0","$40,000.00","$40,000.00","$40,000.00"
"Bioenvironmental Sciences","Bachelor","4","$42,250.00","$51,000.00","$35,000.00","+/- 8461","$35,000.00","$41,500.00","$51,000.00"
"Biological & Agricultural Engr","Bachelor","6","$57,750.00","$75,000.00","$44,000.00","+/- 10553","$53,750.00","$58,750.00","$67,500.00"
"Entomology","Bachelor","2","$47,000.00","$52,000.00","$42,000.00","+/- 7071","$47,000.00","$47,000.00","$52,000.00"
"Environmental Studies","Bachelor","1","$45,000.00","$45,000.00","$45,000.00","+/- 0","$45,000.00","$45,000.00","$45,000.00"
"Food Science & Technology","Bachelor","4","$45,250.00","$63,000.00","$30,000.00","+/- 14408","$38,000.00","$44,000.00","$63,000.00"
"Forensic Investigative Science","Bachelor","3","$48,051.00","$51,276.00","$41,600.00","+/- 5586","$48,857.00","$51,276.00","$51,276.00"
"Genetics","Bachelor","3","$44,333.00","$60,000.00","$33,000.00","+/- 14012","$38,250.00","$40,000.00","$60,000.00"
"Horticulture","Bachelor","11","$40,545.00","$70,000.00","$24,000.00","+/- 12267","$35,750.00","$40,000.00","$46,000.00"
"Molecular & Env Plant Sciences","Doctorate","2","$45,500.00","$48,000.00","$43,000.00","+/- 3536","$45,500.00","$45,500.00","$48,000.00"
"Nutritional Sciences","Bachelor","4","$46,250.00","$66,000.00","$30,000.00","+/- 18007","$32,000.00","$44,500.00","$66,000.00"
"Plant & Environmental Soil Sc","Bachelor","4","$46,250.00","$60,000.00","$32,000.00","+/- 11786","$43,000.00","$46,500.00","$60,000.00"
"Poultry Science","Bachelor","7","$46,429.00","$60,000.00","$30,000.00","+/- 9356","$45,625.00","$47,500.00","$53,250.00"
"Rangeland Ecology & Management","Bachelor","3","$43,759.00","$51,276.00","$40,000.00","+/- 6510","$40,000.00","$40,000.00","$51,276.00"
"Recreation, Park & Tourism Sc","Bachelor","14","$39,652.00","$69,000.00","$24,000.00","+/- 10606","$35,500.00","$39,000.00","$41,925.00"
"Renewable Natural Resources","Bachelor","7","$42,000.00","$55,000.00","$30,000.00","+/- 10231","$33,750.00","$45,000.00","$51,250.00"
"Spatial Sciences","Bachelor","1","$51,276.00","$51,276.00","$51,276.00","+/- 0","$51,276.00","$51,276.00","$51,276.00"
"Turfgrass Science","Bachelor","1","$34,000.00","$34,000.00","$34,000.00","+/- 0","$34,000.00","$34,000.00","$34,000.00"
"University Studies","Bachelor","11","$49,050.00","$80,000.00","$30,000.00","+/- 13298","$43,250.00","$50,000.00","$53,457.00"
"Water Mgmt & Hydrological Sc","Master","2","$54,500.00","$55,000.00","$54,000.00","+/- 707","$54,500.00","$54,500.00","$55,000.00"
"Wildlife & Fisheries Sciences","Bachelor","4","$33,500.00","$50,000.00","$24,000.00","+/- 11818","$26,000.00","$30,000.00","$50,000.00"
"Totals","","Num. Salaries Reported","Avg","Max","Min","St. Dev.","25th P.","Median","75th P."
"Bachelor","","196","$47,412.00","$300,000.00","$22,000.00","+/- 21407","$40,000.00","$45,000.00","$51,276.00"
"Master","","4","$53,500.00","$55,000.00","$50,000.00","+/- 2380","$54,000.00","$54,500.00","$55,000.00"
"Doctorate","","4","$54,750.00","$78,000.00","$43,000.00","+/- 15777","$48,000.00","$49,000.00","$78,000.00"
"College of Architecture","","","","","","","","",""
"Major","Degree","Num. Salaries Reported","Avg","Max","Min","St. Dev.","25th P.","Median","75th P."
"Architecture","Master","6","$50,417.00","$58,500.00","$46,000.00","+/- 4271","$49,000.00","$50,000.00","$54,250.00"
"Construction Science","Bachelor","104","$62,550.00","$100,000.00","$45,000.00","+/- 8426","$60,000.00","$62,000.00","$64,500.00"
"Environ Design Arch Studies","Bachelor","8","$46,149.00","$60,000.00","$39,600.00","+/- 6687","$41,000.00","$45,000.00","$50,000.00"
"Land & Property Development","Master","2","$61,138.00","$71,000.00","$51,276.00","+/- 13947","$61,138.00","$61,138.00","$71,000.00"
"Landscape Architecture","Bachelor","13","$44,846.00","$54,000.00","$24,000.00","+/- 7440","$44,250.00","$45,000.00","$51,000.00"
"University Studies","Bachelor","8","$48,012.00","$57,100.00","$40,000.00","+/- 5950","$45,000.00","$50,000.00","$52,000.00"
"Urban & Regional Planning","Bachelor","3","$52,667.00","$58,000.00","$48,000.00","+/- 5033","$51,000.00","$52,000.00","$58,000.00"
"Urban & Regional Planning","Master","2","$72,500.00","$100,000.00","$45,000.00","+/- 38891","$72,500.00","$72,500.00","$100,000.00"
"Visualization","Bachelor","3","$38,333.00","$40,000.00","$37,000.00","+/- 1528","$37,750.00","$38,000.00","$40,000.00"
"Totals","","Num. Salaries Reported","Avg","Max","Min","St. Dev.","25th P.","Median","75th P."
"Bachelor","","139","$58,378.00","$100,000.00","$24,000.00","+/- 10815","$52,000.00","$60,000.00","$63,000.00"
"Master","","10","$56,978.00","$100,000.00","$45,000.00","+/- 16908","$49,000.00","$50,000.00","$64,750.00"
"Doctorate","","0","$0.00","$0.00","$0.00","+/- 0","$0.00","$0.00","$0.00"
"College of Bush School of Gov & Pub Serv","","","","","","","","",""
"Major","Degree","Num. Salaries Reported","Avg","Max","Min","St. Dev.","25th P.","Median","75th P."
"International Affairs","Master","6","$61,379.00","$89,000.00","$40,000.00","+/- 21632","$45,638.00","$57,138.00","$87,000.00"
"Public Service &Administration","Master","9","$61,778.00","$80,000.00","$41,000.00","+/- 14175","$51,250.00","$60,000.00","$78,750.00"
"Totals","","Num. Salaries Reported","Avg","Max","Min","St. Dev.","25th P.","Median","75th P."
"Bachelor","","0","$0.00","$0.00","$0.00","+/- 0","$0.00","$0.00","$0.00"
"Master","","15","$61,618.00","$89,000.00","$40,000.00","+/- 16792","$50,000.00","$60,000.00","$80,000.00"
"Doctorate","","0","$0.00","$0.00","$0.00","+/- 0","$0.00","$0.00","$0.00"
"College of Education & Human Development","","","","","","","","",""
"Major","Degree","Num. Salaries Reported","Avg","Max","Min","St. Dev.","25th P.","Median","75th P."
"Athletic Training","Master","4","$45,250.00","$62,000.00","$24,000.00","+/- 18751","$35,000.00","$47,500.00","$62,000.00"
"Communication","Bachelor","1","$65,000.00","$65,000.00","$65,000.00","+/- 0","$65,000.00","$65,000.00","$65,000.00"
"Community Health","Bachelor","2","$43,500.00","$52,000.00","$35,000.00","+/- 12021","$43,500.00","$43,500.00","$52,000.00"
"Curriculum & Instruction","Doctorate","3","$98,000.00","$140,000.00","$64,000.00","+/- 38626","$83,500.00","$90,000.00","$140,000.00"
"Curriculum & Instruction","Master","10","$46,200.00","$55,000.00","$33,000.00","+/- 7685","$40,500.00","$49,000.00","$52,500.00"
"Edu Human Resource Development","Master","2","$40,000.00","$40,000.00","$40,000.00","+/- 0","$40,000.00","$40,000.00","$40,000.00"
"Educational Administration","Master","9","$47,589.00","$60,000.00","$34,400.00","+/- 10060","$40,000.00","$47,000.00","$57,750.00"
"Educational Psychology","Master","9","$57,778.00","$105,000.00","$42,000.00","+/- 18707","$50,000.00","$53,000.00","$60,250.00"
"Educational Technology","Master","3","$63,333.00","$87,000.00","$50,000.00","+/- 20551","$52,250.00","$53,000.00","$87,000.00"
"Health","Bachelor","16","$39,743.00","$70,000.00","$24,000.00","+/- 12687","$30,000.00","$40,000.00","$51,276.00"
"Human Resource Development","Bachelor","17","$41,588.00","$52,000.00","$28,000.00","+/- 8645","$35,250.00","$40,000.00","$50,000.00"
"Interdisciplinary Studies","Bachelor","59","$48,123.00","$151,000.00","$22,000.00","+/- 15218","$41,950.00","$49,200.00","$51,500.00"
"Kinesiology","Bachelor","2","$59,000.00","$67,000.00","$51,000.00","+/- 11314","$59,000.00","$59,000.00","$67,000.00"
"Special Education","Master","2","$42,500.00","$43,000.00","$42,000.00","+/- 707","$42,500.00","$42,500.00","$43,000.00"
"Sport Management","Bachelor","13","$50,012.00","$66,000.00","$22,880.00","+/- 11794","$45,750.00","$51,276.00","$60,000.00"
"Sport Management","Master","6","$43,883.00","$85,000.00","$26,500.00","+/- 21644","$32,900.00","$35,500.00","$67,500.00"
"Technology Management","Bachelor","7","$52,000.00","$62,000.00","$25,000.00","+/- 13772","$49,750.00","$60,000.00","$62,000.00"
"University Studies","Bachelor","9","$43,778.00","$75,000.00","$22,000.00","+/- 15714","$36,500.00","$45,000.00","$51,500.00"
"Totals","","Num. Salaries Reported","Avg","Max","Min","St. Dev.","25th P.","Median","75th P."
"Bachelor","","126","$46,510.00","$151,000.00","$22,000.00","+/- 14002","$40,000.00","$48,000.00","$52,000.00"
"Master","","45","$49,102.00","$105,000.00","$24,000.00","+/- 15262","$40,000.00","$50,000.00","$55,750.00"
"Doctorate","","3","$98,000.00","$140,000.00","$64,000.00","+/- 38626","$83,500.00","$90,000.00","$140,000.00"
"College of Engineering","","","","","","","","",""
"Major","Degree","Num. Salaries Reported","Avg","Max","Min","St. Dev.","25th P.","Median","75th P."
"Aerospace Engineering","Bachelor","21","$64,038.00","$88,000.00","$51,276.00","+/- 9017","$60,000.00","$63,000.00","$69,500.00"
"Biomedical Engineering","Bachelor","7","$64,000.00","$67,000.00","$60,000.00","+/- 2291","$63,375.00","$63,500.00","$66,250.00"
"Biomedical Engineering","Doctorate","2","$72,500.00","$105,000.00","$40,000.00","+/- 45962","$72,500.00","$72,500.00","$105,000.00"
"Chemical Engineering","Bachelor","34","$74,096.00","$105,000.00","$43,000.00","+/- 11681","$70,000.00","$73,000.00","$80,800.00"
"Chemical Engineering","Doctorate","2","$73,000.00","$83,000.00","$63,000.00","+/- 14142","$73,000.00","$73,000.00","$83,000.00"
"Civil Engineering","Bachelor","53","$60,577.00","$93,000.00","$50,000.00","+/- 8192","$57,000.00","$59,000.00","$61,875.00"
"Civil Engineering","Doctorate","2","$59,000.00","$70,000.00","$48,000.00","+/- 15556","$59,000.00","$59,000.00","$70,000.00"
"Civil Engineering","Master","10","$64,450.00","$71,500.00","$60,000.00","+/- 4017","$62,000.00","$62,500.00","$69,000.00"
"Computer Engineering - CECN","Bachelor","17","$72,734.00","$100,000.00","$50,000.00","+/- 13744","$65,500.00","$70,000.00","$84,250.00"
"Computer Engineering - CEEN","Bachelor","4","$59,250.00","$67,000.00","$45,000.00","+/- 9946","$60,000.00","$62,500.00","$67,000.00"
"Computer Engineering - CEEN","Doctorate","2","$114,000.00","$118,000.00","$110,000.00","+/- 5657","$114,000.00","$114,000.00","$118,000.00"
"Computer Engineering - CEEN","Master","9","$100,111.00","$118,000.00","$85,000.00","+/- 10902","$91,250.00","$100,000.00","$108,000.00"
"Computer Science","Bachelor","42","$74,758.00","$108,000.00","$32,000.00","+/- 19433","$63,750.00","$69,500.00","$89,250.00"
"Computer Science","Master","5","$101,600.00","$115,000.00","$70,000.00","+/- 18036","$105,750.00","$108,000.00","$113,750.00"
"Electrical Engineering","Bachelor","25","$71,766.00","$99,000.00","$51,276.00","+/- 11891","$65,000.00","$70,500.00","$80,000.00"
"Electrical Engineering","Doctorate","8","$100,688.00","$164,000.00","$30,000.00","+/- 39711","$85,500.00","$108,000.00","$120,000.00"
"Electrical Engineering","Master","3","$118,000.00","$140,000.00","$106,000.00","+/- 19079","$107,500.00","$108,000.00","$140,000.00"
"Electronic Sys Engr Technology","Bachelor","7","$63,645.00","$70,000.00","$51,276.00","+/- 7360","$63,250.00","$67,000.00","$68,681.50"
"Engineering Technology","Bachelor","12","$59,754.00","$75,000.00","$35,000.00","+/- 10382","$58,000.00","$60,250.00","$67,000.00"
"Industrial Distribution","Bachelor","37","$57,123.00","$69,000.00","$45,000.00","+/- 7904","$50,250.00","$55,000.00","$64,000.00"
"Industrial Distribution","Master","8","$96,250.00","$150,000.00","$70,000.00","+/- 25600","$80,000.00","$90,000.00","$110,000.00"
"Industrial Engineering","Bachelor","28","$62,331.00","$82,000.00","$30,000.00","+/- 10846","$55,000.00","$63,500.00","$69,000.00"
"Industrial Engineering","Master","4","$85,856.00","$100,000.00","$74,000.00","+/- 12240","$77,425.00","$84,712.50","$100,000.00"
"Mechanical Engineering","Bachelor","41","$68,624.00","$99,000.00","$45,000.00","+/- 8194","$65,000.00","$70,000.00","$71,375.00"
"Mechanical Engineering","Doctorate","2","$83,210.00","$86,420.00","$80,000.00","+/- 4540","$83,210.00","$83,210.00","$86,420.00"
"Mechanical Engineering","Master","3","$78,656.00","$85,000.00","$71,467.00","+/- 6806","$77,491.75","$79,500.00","$85,000.00"
"Nuclear Engineering","Bachelor","5","$60,766.00","$80,000.00","$51,276.00","+/- 13467","$51,276.00","$51,276.00","$77,500.00"
"Nuclear Engineering","Doctorate","2","$95,000.00","$100,000.00","$90,000.00","+/- 7071","$95,000.00","$95,000.00","$100,000.00"
"Ocean Engineering","Bachelor","5","$67,855.00","$90,000.00","$51,276.00","+/- 14761","$61,000.00","$70,000.00","$85,000.00"
"Petroleum Engineering","Bachelor","37","$83,314.00","$150,000.00","$50,000.00","+/- 21001","$62,750.00","$85,000.00","$100,000.00"
"Petroleum Engineering","Doctorate","2","$120,000.00","$140,000.00","$100,000.00","+/- 28284","$120,000.00","$120,000.00","$140,000.00"
"Petroleum Engineering","Master","7","$114,143.00","$240,000.00","$85,000.00","+/- 55954","$88,000.00","$94,500.00","$139,500.00"
"Radiological Health Engr","Bachelor","2","$55,000.00","$70,000.00","$40,000.00","+/- 21213","$55,000.00","$55,000.00","$70,000.00"
"Totals","","Num. Salaries Reported","Avg","Max","Min","St. Dev.","25th P.","Median","75th P."
"Bachelor","","377","$67,907.00","$150,000.00","$30,000.00","+/- 14812","$58,250.00","$66,000.00","$73,000.00"
"Master","","49","$92,977.00","$240,000.00","$60,000.00","+/- 29554","$72,125.00","$90,000.00","$106,750.00"
"Doctorate","","22","$92,678.00","$164,000.00","$30,000.00","+/- 31966","$75,000.00","$95,000.00","$114,000.00"
"College of Geosciences","","","","","","","","",""
"Major","Degree","Num. Salaries Reported","Avg","Max","Min","St. Dev.","25th P.","Median","75th P."
"Environmental Geoscience","Bachelor","2","$43,000.00","$50,000.00","$36,000.00","+/- 9899","$43,000.00","$43,000.00","$50,000.00"
"Environmental Studies","Bachelor","3","$47,092.00","$60,000.00","$30,000.00","+/- 15431","$45,957.00","$51,276.00","$60,000.00"
"Geographic Info Science & Tech","Bachelor","9","$55,253.00","$80,000.00","$33,000.00","+/- 18819","$40,750.00","$51,276.00","$78,750.00"
"Geography","Bachelor","1","$51,276.00","$51,276.00","$51,276.00","+/- 0","$51,276.00","$51,276.00","$51,276.00"
"Geology","Bachelor","7","$55,714.00","$65,000.00","$45,000.00","+/- 8381","$52,500.00","$55,000.00","$65,000.00"
"Geology","Doctorate","2","$113,500.00","$127,000.00","$100,000.00","+/- 19092","$113,500.00","$113,500.00","$127,000.00"
"Geophysics","Bachelor","2","$60,000.00","$70,000.00","$50,000.00","+/- 14142","$60,000.00","$60,000.00","$70,000.00"
"Meteorology","Bachelor","1","$23,000.00","$23,000.00","$23,000.00","+/- 0","$23,000.00","$23,000.00","$23,000.00"
"University Studies","Bachelor","1","$50,000.00","$50,000.00","$50,000.00","+/- 0","$50,000.00","$50,000.00","$50,000.00"
"Totals","","Num. Salaries Reported","Avg","Max","Min","St. Dev.","25th P.","Median","75th P."
"Bachelor","","26","$52,263.00","$80,000.00","$23,000.00","+/- 14733","$45,000.00","$51,276.00","$62,500.00"
"Master","","0","$0.00","$0.00","$0.00","+/- 0","$0.00","$0.00","$0.00"
"Doctorate","","2","$113,500.00","$127,000.00","$100,000.00","+/- 19092","$113,500.00","$113,500.00","$127,000.00"
"College of Liberal Arts","","","","","","","","",""
"Major","Degree","Num. Salaries Reported","Avg","Max","Min","St. Dev.","25th P.","Median","75th P."
"Anthropology","Bachelor","4","$36,569.00","$51,276.00","$30,000.00","+/- 9951","$31,000.00","$32,500.00","$51,276.00"
"Classics","Bachelor","1","$27,000.00","$27,000.00","$27,000.00","+/- 0","$27,000.00","$27,000.00","$27,000.00"
"Communication","Bachelor","54","$44,504.00","$70,000.00","$22,000.00","+/- 12437","$35,000.00","$40,700.00","$55,000.00"
"Economics","Bachelor","45","$48,548.00","$98,900.00","$25,000.00","+/- 15395","$40,000.00","$48,000.00","$55,000.00"
"Economics","Doctorate","3","$103,333.00","$120,000.00","$70,000.00","+/- 28868","$107,500.00","$120,000.00","$120,000.00"
"Economics","Master","3","$39,167.00","$55,000.00","$30,000.00","+/- 13769","$31,875.00","$32,500.00","$55,000.00"
"English","Bachelor","20","$46,239.00","$60,000.00","$33,000.00","+/- 8498","$40,000.00","$45,500.00","$52,000.00"
"History","Bachelor","16","$43,774.00","$51,276.00","$26,000.00","+/- 7580","$40,000.00","$43,500.00","$51,276.00"
"International Studies","Bachelor","24","$47,490.00","$60,000.00","$23,000.00","+/- 8257","$45,000.00","$51,138.00","$51,276.00"
"Philosophy","Bachelor","2","$42,500.00","$45,000.00","$40,000.00","+/- 3536","$42,500.00","$42,500.00","$45,000.00"
"Political Science","Bachelor","34","$47,274.00","$60,000.00","$22,000.00","+/- 8152","$45,000.00","$50,638.00","$51,276.00"
"Political Science","Doctorate","2","$69,000.00","$78,000.00","$60,000.00","+/- 12728","$69,000.00","$69,000.00","$78,000.00"
"Psychology","Bachelor","40","$43,926.00","$80,000.00","$24,000.00","+/- 13949","$31,000.00","$43,500.00","$52,000.00"
"Sociology","Bachelor","26","$43,312.00","$85,000.00","$24,000.00","+/- 13351","$34,000.00","$43,750.00","$51,276.00"
"Spanish","Bachelor","3","$42,000.00","$53,000.00","$25,000.00","+/- 14933","$42,250.00","$48,000.00","$53,000.00"
"Telecommunication MediaStudies","Bachelor","9","$43,889.00","$80,000.00","$22,000.00","+/- 18818","$31,250.00","$36,000.00","$60,000.00"
"University Studies","Bachelor","3","$31,667.00","$33,000.00","$30,000.00","+/- 1528","$31,500.00","$32,000.00","$33,000.00"
"Women's and Gender Studies","Bachelor","1","$50,000.00","$50,000.00","$50,000.00","+/- 0","$50,000.00","$50,000.00","$50,000.00"
"Totals","","Num. Salaries Reported","Avg","Max","Min","St. Dev.","25th P.","Median","75th P."
"Bachelor","","282","$45,275.00","$98,900.00","$22,000.00","+/- 12303","$36,000.00","$45,000.00","$51,276.00"
"Master","","3","$39,167.00","$55,000.00","$30,000.00","+/- 13769","$31,875.00","$32,500.00","$55,000.00"
"Doctorate","","5","$89,600.00","$120,000.00","$60,000.00","+/- 28475","$72,000.00","$78,000.00","$120,000.00"
"College of Mays Business School","","","","","","","","",""
"Major","Degree","Num. Salaries Reported","Avg","Max","Min","St. Dev.","25th P.","Median","75th P."
"Accounting","Bachelor","11","$48,616.00","$64,000.00","$24,000.00","+/- 12356","$40,000.00","$51,276.00","$60,500.00"
"Accounting","Master","7","$59,071.00","$75,000.00","$55,500.00","+/- 7208","$55,500.00","$56,000.00","$63,750.00"
"Accounting-PPA","Master","78","$55,925.00","$70,000.00","$50,000.00","+/- 2837","$55,500.00","$55,500.00","$55,500.00"
"Business","Master","13","$56,462.00","$87,000.00","$30,000.00","+/- 17840","$46,000.00","$55,000.00","$70,000.00"
"Business Admin-Executive Prog","Master","8","$202,375.00","$300,000.00","$125,000.00","+/- 81885","$140,000.00","$160,000.00","$300,000.00"
"Business Admin-Professional Pg","Master","2","$113,500.00","$130,000.00","$97,000.00","+/- 23335","$113,500.00","$113,500.00","$130,000.00"
"Business Honors","Bachelor","17","$59,153.00","$77,500.00","$27,500.00","+/- 12525","$55,000.00","$56,000.00","$69,500.00"
"Finance","Bachelor","73","$56,362.00","$85,000.00","$40,000.00","+/- 10310","$50,000.00","$56,000.00","$64,750.00"
"Finance","Master","8","$67,550.00","$75,000.00","$60,000.00","+/- 5261","$65,000.00","$67,500.00","$73,000.00"
"Financial Management","Master","12","$66,917.00","$85,000.00","$53,000.00","+/- 13026","$56,000.00","$63,250.00","$85,000.00"
"Financial Management-PPA","Master","25","$59,600.00","$80,000.00","$50,000.00","+/- 8446","$55,500.00","$56,000.00","$62,875.00"
"Land Economics & Real Estate","Master","3","$61,667.00","$70,000.00","$55,000.00","+/- 7638","$58,750.00","$60,000.00","$70,000.00"
"Management","Bachelor","37","$47,946.00","$72,500.00","$30,000.00","+/- 10995","$40,500.00","$47,000.00","$54,625.00"
"Management Information Systems","Bachelor","15","$57,767.00","$70,000.00","$39,000.00","+/- 8512","$55,000.00","$60,000.00","$64,250.00"
"Management Information Systems","Master","33","$84,153.00","$140,000.00","$49,000.00","+/- 18494","$72,000.00","$78,000.00","$96,937.50"
"Management Information Systems-PPA","Master","22","$58,386.00","$64,000.00","$55,000.00","+/- 2410","$57,000.00","$58,000.00","$60,000.00"
"Management-PPA","Master","6","$58,667.00","$70,000.00","$55,000.00","+/- 5845","$55,500.00","$55,750.00","$65,000.00"
"Marketing","Bachelor","49","$48,696.00","$72,500.00","$30,000.00","+/- 9806","$45,000.00","$50,000.00","$54,069.00"
"Marketing","Master","4","$78,250.00","$100,000.00","$60,000.00","+/- 17858","$68,000.00","$76,500.00","$100,000.00"
"Marketing-PPA","Master","9","$63,389.00","$80,000.00","$55,500.00","+/- 10157","$55,625.00","$59,000.00","$75,000.00"
"Supply Chain Management","Bachelor","60","$57,025.00","$79,000.00","$31,000.00","+/- 9890","$50,500.00","$57,500.00","$64,000.00"
"University Studies","Bachelor","25","$52,831.00","$150,000.00","$25,000.00","+/- 23709","$42,250.00","$50,000.00","$55,000.00"
"Totals","","Num. Salaries Reported","Avg","Max","Min","St. Dev.","25th P.","Median","75th P."
"Bachelor","","287","$53,741.00","$150,000.00","$24,000.00","+/- 12630","$47,000.00","$52,000.00","$60,000.00"
"Master","","230","$68,135.00","$300,000.00","$30,000.00","+/- 32713","$55,500.00","$56,500.00","$70,000.00"
"Doctorate","","0","$0.00","$0.00","$0.00","+/- 0","$0.00","$0.00","$0.00"
"College of Nursing","","","","","","","","",""
"Major","Degree","Num. Salaries Reported","Avg","Max","Min","St. Dev.","25th P.","Median","75th P."
"Nursing","Bachelor","51","$54,895.00","$78,000.00","$40,000.00","+/- 8637","$50,000.00","$52,000.00","$60,000.00"
"Totals","","Num. Salaries Reported","Avg","Max","Min","St. Dev.","25th P.","Median","75th P."
"Bachelor","","51","$54,895.00","$78,000.00","$40,000.00","+/- 8637","$50,000.00","$52,000.00","$60,000.00"
"Master","","0","$0.00","$0.00","$0.00","+/- 0","$0.00","$0.00","$0.00"
"Doctorate","","0","$0.00","$0.00","$0.00","+/- 0","$0.00","$0.00","$0.00"
"College of Public Health","","","","","","","","",""
"Major","Degree","Num. Salaries Reported","Avg","Max","Min","St. Dev.","25th P.","Median","75th P."
"Environmental Health","Master","2","$55,000.00","$65,000.00","$45,000.00","+/- 14142","$55,000.00","$55,000.00","$65,000.00"
"Health Administration","Master","3","$51,667.00","$63,000.00","$42,000.00","+/- 10599","$48,000.00","$50,000.00","$63,000.00"
"Health Policy & Management","Master","3","$61,833.00","$72,000.00","$56,000.00","+/- 8836","$57,125.00","$57,500.00","$72,000.00"
"Totals","","Num. Salaries Reported","Avg","Max","Min","St. Dev.","25th P.","Median","75th P."
"Bachelor","","0","$0.00","$0.00","$0.00","+/- 0","$0.00","$0.00","$0.00"
"Master","","8","$56,312.00","$72,000.00","$42,000.00","+/- 10285","$50,000.00","$56,750.00","$65,000.00"
"Doctorate","","0","$0.00","$0.00","$0.00","+/- 0","$0.00","$0.00","$0.00"
"College of Qatar Campus","","","","","","","","",""
"Major","Degree","Num. Salaries Reported","Avg","Max","Min","St. Dev.","25th P.","Median","75th P."
"Chemical Engineering","Bachelor","1","$50,000.00","$50,000.00","$50,000.00","+/- 0","$50,000.00","$50,000.00","$50,000.00"
"Totals","","Num. Salaries Reported","Avg","Max","Min","St. Dev.","25th P.","Median","75th P."
"Bachelor","","1","$50,000.00","$50,000.00","$50,000.00","+/- 0","$50,000.00","$50,000.00","$50,000.00"
"Master","","0","$0.00","$0.00","$0.00","+/- 0","$0.00","$0.00","$0.00"
"Doctorate","","0","$0.00","$0.00","$0.00","+/- 0","$0.00","$0.00","$0.00"
"College of Science","","","","","","","","",""
"Major","Degree","Num. Salaries Reported","Avg","Max","Min","St. Dev.","25th P.","Median","75th P."
"Analytics","Master","3","$253,333.00","$340,000.00","$120,000.00","+/- 117189","$255,000.00","$300,000.00","$340,000.00"
"Applied Mathematical Sciences","Bachelor","16","$56,361.00","$103,000.00","$24,000.00","+/- 17539","$50,000.00","$55,000.00","$66,000.00"
"Biology","Bachelor","7","$48,571.00","$80,000.00","$25,000.00","+/- 17962","$38,750.00","$50,000.00","$65,000.00"
"Chemistry","Bachelor","7","$46,754.00","$70,000.00","$24,000.00","+/- 17009","$37,000.00","$51,276.00","$64,000.00"
"Chemistry","Doctorate","2","$90,000.00","$120,000.00","$60,000.00","+/- 42426","$90,000.00","$90,000.00","$120,000.00"
"Mathematics","Bachelor","10","$48,620.00","$89,000.00","$22,000.00","+/- 17668","$43,250.00","$50,300.00","$53,050.00"
"Mathematics","Master","3","$45,333.00","$63,000.00","$24,000.00","+/- 19757","$42,750.00","$49,000.00","$63,000.00"
"Microbiology","Bachelor","1","$51,276.00","$51,276.00","$51,276.00","+/- 0","$51,276.00","$51,276.00","$51,276.00"
"Physics","Doctorate","2","$68,250.00","$94,000.00","$42,500.00","+/- 36416","$68,250.00","$68,250.00","$94,000.00"
"University Studies","Bachelor","2","$48,500.00","$52,000.00","$45,000.00","+/- 4950","$48,500.00","$48,500.00","$52,000.00"
"Zoology","Bachelor","1","$30,000.00","$30,000.00","$30,000.00","+/- 0","$30,000.00","$30,000.00","$30,000.00"
"Totals","","Num. Salaries Reported","Avg","Max","Min","St. Dev.","25th P.","Median","75th P."
"Bachelor","","44","$50,762.00","$103,000.00","$22,000.00","+/- 16882","$40,000.00","$51,276.00","$60,000.00"
"Master","","6","$149,333.00","$340,000.00","$24,000.00","+/- 136487","$56,000.00","$91,500.00","$320,000.00"
"Doctorate","","4","$79,125.00","$120,000.00","$42,500.00","+/- 34637","$60,000.00","$77,000.00","$120,000.00"
"College of Veterinary Med & Biomedical Sc","","","","","","","","",""
"Major","Degree","Num. Salaries Reported","Avg","Max","Min","St. Dev.","25th P.","Median","75th P."
"Biomedical Sciences","Bachelor","10","$41,428.00","$63,000.00","$25,000.00","+/- 14259","$30,000.00","$39,000.00","$55,138.00"
"University Studies","Bachelor","2","$45,000.00","$50,000.00","$40,000.00","+/- 7071","$45,000.00","$45,000.00","$50,000.00"
"Totals","","Num. Salaries Reported","Avg","Max","Min","St. Dev.","25th P.","Median","75th P."
"Bachelor","","12","$42,023.00","$63,000.00","$25,000.00","+/- 13146","$30,000.00","$44,000.00","$51,276.00"
"Master","","0","$0.00","$0.00","$0.00","+/- 0","$0.00","$0.00","$0.00"
"Doctorate","","0","$0.00","$0.00","$0.00","+/- 0","$0.00","$0.00","$0.00"